Mon Mar  7 15:38:59 2022,36.125,0,29.2366
Mon Mar  7 15:38:59 2022,36.125,0,29.2366
Mon Mar  7 15:39:02 2022,36.125,25,29.2369
Mon Mar  7 15:39:02 2022,36.125,25,29.2369
Mon Mar  7 15:39:04 2022,36.125,25,29.2376
Mon Mar  7 15:39:04 2022,36.125,25,29.2376
Mon Mar  7 15:39:06 2022,36.0625,25,29.2385
Mon Mar  7 15:39:06 2022,36.0625,25,29.2385
Mon Mar  7 15:39:08 2022,36,25,29.2398
Mon Mar  7 15:39:08 2022,36,25,29.2398
Mon Mar  7 15:39:11 2022,36,25,29.2408
Mon Mar  7 15:39:11 2022,36,25,29.2408
Mon Mar  7 15:39:13 2022,35.875,25,29.2414
Mon Mar  7 15:39:13 2022,35.875,25,29.2414
Mon Mar  7 15:39:15 2022,35.875,25,29.2424
Mon Mar  7 15:39:15 2022,35.875,25,29.2424
Mon Mar  7 15:39:18 2022,35.8125,25,29.2437
Mon Mar  7 15:39:18 2022,35.8125,25,29.2437
Mon Mar  7 15:39:20 2022,35.6875,25,29.2449
Mon Mar  7 15:39:20 2022,35.6875,25,29.2449
Mon Mar  7 15:39:22 2022,35.6875,25,29.2459
Mon Mar  7 15:39:22 2022,35.6875,25,29.2459
Mon Mar  7 15:39:25 2022,35.625,25,29.2468
Mon Mar  7 15:39:25 2022,35.625,25,29.2468
Mon Mar  7 15:39:27 2022,35.5625,25,29.2481
Mon Mar  7 15:39:27 2022,35.5625,25,29.2481
Mon Mar  7 15:39:29 2022,35.4375,25,29.2491
Mon Mar  7 15:39:29 2022,35.4375,25,29.2491
Mon Mar  7 15:39:31 2022,35.375,25,29.2507
Mon Mar  7 15:39:31 2022,35.375,25,29.2507
Mon Mar  7 15:39:34 2022,35.3125,25,29.2516
Mon Mar  7 15:39:34 2022,35.3125,25,29.2516
Mon Mar  7 15:39:36 2022,35.25,25,29.2532
Mon Mar  7 15:39:36 2022,35.25,25,29.2532
Mon Mar  7 15:39:38 2022,35.1875,25,29.2545
Mon Mar  7 15:39:38 2022,35.1875,25,29.2545
Mon Mar  7 15:39:41 2022,35.0625,25,29.2555
Mon Mar  7 15:39:41 2022,35.0625,25,29.2555
Mon Mar  7 15:39:43 2022,35,25,29.2568
Mon Mar  7 15:39:43 2022,35,25,29.2568
Mon Mar  7 15:39:45 2022,35,25,29.258
Mon Mar  7 15:39:45 2022,35,25,29.258
Mon Mar  7 15:39:48 2022,34.9375,25,29.2593
Mon Mar  7 15:39:48 2022,34.9375,25,29.2593
Mon Mar  7 15:39:50 2022,34.875,25,29.2596
Mon Mar  7 15:39:50 2022,34.875,25,29.2596
Mon Mar  7 15:39:52 2022,34.8125,25,29.2606
Mon Mar  7 15:39:52 2022,34.8125,25,29.2606
Mon Mar  7 15:39:54 2022,34.75,25,29.2616
Mon Mar  7 15:39:54 2022,34.75,25,29.2616
Mon Mar  7 15:39:57 2022,34.6875,25,29.2619
Mon Mar  7 15:39:57 2022,34.6875,25,29.2619
Mon Mar  7 15:39:59 2022,34.625,25,29.2622
Mon Mar  7 15:39:59 2022,34.625,25,29.2622
Mon Mar  7 15:40:01 2022,34.5,25,29.2628
Mon Mar  7 15:40:01 2022,34.5,25,29.2628
Mon Mar  7 15:40:04 2022,34.4375,25,29.2632
Mon Mar  7 15:40:04 2022,34.4375,25,29.2632
Mon Mar  7 15:40:06 2022,34.375,25,29.2635
Mon Mar  7 15:40:06 2022,34.375,25,29.2635
Mon Mar  7 15:40:08 2022,34.375,25,29.2644
Mon Mar  7 15:40:08 2022,34.375,25,29.2644
Mon Mar  7 15:40:11 2022,34.375,25,29.266
Mon Mar  7 15:40:11 2022,34.375,25,29.266
Mon Mar  7 15:40:13 2022,34.25,25,29.2676
Mon Mar  7 15:40:13 2022,34.25,25,29.2676
Mon Mar  7 15:40:15 2022,34.25,25,29.2692
Mon Mar  7 15:40:15 2022,34.25,25,29.2692
Mon Mar  7 15:40:17 2022,34.125,25,29.2708
Mon Mar  7 15:40:17 2022,34.125,25,29.2708
Mon Mar  7 15:40:20 2022,34.125,25,29.2715
Mon Mar  7 15:40:20 2022,34.125,25,29.2715
Mon Mar  7 15:40:22 2022,34,25,29.2728
Mon Mar  7 15:40:22 2022,34,25,29.2728
Mon Mar  7 15:40:24 2022,34,25,29.2734
Mon Mar  7 15:40:24 2022,34,25,29.2734
Mon Mar  7 15:40:27 2022,33.9375,25,29.274
Mon Mar  7 15:40:27 2022,33.9375,25,29.274
Mon Mar  7 15:40:29 2022,33.875,25,29.275
Mon Mar  7 15:40:29 2022,33.875,25,29.275
Mon Mar  7 15:40:31 2022,33.875,25,29.276
Mon Mar  7 15:40:31 2022,33.875,25,29.276
Mon Mar  7 15:40:34 2022,33.8125,25,29.2769
Mon Mar  7 15:40:34 2022,33.8125,25,29.2769
Mon Mar  7 15:40:36 2022,33.75,25,29.2775
Mon Mar  7 15:40:36 2022,33.75,25,29.2775
Mon Mar  7 15:40:38 2022,33.6875,25,29.2782
Mon Mar  7 15:40:38 2022,33.6875,25,29.2782
Mon Mar  7 15:40:40 2022,33.6875,25,29.2788
Mon Mar  7 15:40:40 2022,33.6875,25,29.2788
Mon Mar  7 15:40:43 2022,33.625,25,29.2798
Mon Mar  7 15:40:43 2022,33.625,25,29.2798
Mon Mar  7 15:40:45 2022,33.5625,25,29.2804
Mon Mar  7 15:40:45 2022,33.5625,25,29.2804
Mon Mar  7 15:40:47 2022,33.4375,25,29.2807
Mon Mar  7 15:40:47 2022,33.4375,25,29.2807
Mon Mar  7 15:40:50 2022,33.4375,25,29.2814
Mon Mar  7 15:40:50 2022,33.4375,25,29.2814
Mon Mar  7 15:40:52 2022,33.3125,25,29.282
Mon Mar  7 15:40:52 2022,33.3125,25,29.282
Mon Mar  7 15:40:54 2022,33.3125,25,29.283
Mon Mar  7 15:40:54 2022,33.3125,25,29.283
Mon Mar  7 15:40:57 2022,33.3125,25,29.2836
Mon Mar  7 15:40:57 2022,33.3125,25,29.2836
Mon Mar  7 15:40:59 2022,33.25,25,29.2846
Mon Mar  7 15:40:59 2022,33.25,25,29.2846
Mon Mar  7 15:41:01 2022,33.25,25,29.2852
Mon Mar  7 15:41:01 2022,33.25,25,29.2852
Mon Mar  7 15:41:03 2022,33.1875,25,29.2865
Mon Mar  7 15:41:03 2022,33.1875,25,29.2865
Mon Mar  7 15:41:06 2022,33.125,25,29.2868
Mon Mar  7 15:41:06 2022,33.125,25,29.2868
Mon Mar  7 15:41:08 2022,33.0625,25,29.2878
Mon Mar  7 15:41:08 2022,33.0625,25,29.2878
Mon Mar  7 15:41:10 2022,33,25,29.2887
Mon Mar  7 15:41:10 2022,33,25,29.2887
Mon Mar  7 15:41:13 2022,33,25,29.2894
Mon Mar  7 15:41:13 2022,33,25,29.2894
Mon Mar  7 15:41:15 2022,32.9375,25,29.2903
Mon Mar  7 15:41:15 2022,32.9375,25,29.2903
Mon Mar  7 15:41:17 2022,32.9375,25,29.2913
Mon Mar  7 15:41:17 2022,32.9375,25,29.2913
Mon Mar  7 15:41:20 2022,32.875,38,29.2926
Mon Mar  7 15:41:20 2022,32.875,38,29.2926
Mon Mar  7 15:41:22 2022,32.8125,38,29.2939
Mon Mar  7 15:41:22 2022,32.8125,38,29.2939
Mon Mar  7 15:41:24 2022,32.8125,38,29.2951
Mon Mar  7 15:41:24 2022,32.8125,38,29.2951
Mon Mar  7 15:41:26 2022,32.75,38,29.2967
Mon Mar  7 15:41:26 2022,32.75,38,29.2967
Mon Mar  7 15:41:29 2022,32.75,38,29.298
Mon Mar  7 15:41:29 2022,32.75,38,29.298
Mon Mar  7 15:41:31 2022,32.8125,38,29.299
Mon Mar  7 15:41:31 2022,32.8125,38,29.299
Mon Mar  7 15:41:33 2022,32.875,38,29.3003
Mon Mar  7 15:41:33 2022,32.875,38,29.3003
Mon Mar  7 15:41:36 2022,32.875,38,29.3019
Mon Mar  7 15:41:36 2022,32.875,38,29.3019
Mon Mar  7 15:41:38 2022,32.9375,38,29.3035
Mon Mar  7 15:41:38 2022,32.9375,38,29.3035
Mon Mar  7 15:41:40 2022,32.9375,38,29.3047
Mon Mar  7 15:41:40 2022,32.9375,38,29.3047
Mon Mar  7 15:41:43 2022,33,38,29.3063
Mon Mar  7 15:41:43 2022,33,38,29.3063
Mon Mar  7 15:41:45 2022,33.125,38,29.3073
Mon Mar  7 15:41:45 2022,33.125,38,29.3073
Mon Mar  7 15:41:47 2022,33.1875,38,29.3089
Mon Mar  7 15:41:47 2022,33.1875,38,29.3089
Mon Mar  7 15:41:49 2022,33.3125,38,29.3102
Mon Mar  7 15:41:49 2022,33.3125,38,29.3102
Mon Mar  7 15:41:52 2022,33.4375,38,29.3114
Mon Mar  7 15:41:52 2022,33.4375,38,29.3114
Mon Mar  7 15:41:54 2022,33.5625,38,29.3121
Mon Mar  7 15:41:54 2022,33.5625,38,29.3121
Mon Mar  7 15:41:56 2022,33.6875,38,29.3127
Mon Mar  7 15:41:56 2022,33.6875,38,29.3127
Mon Mar  7 15:41:59 2022,33.8125,38,29.313
Mon Mar  7 15:41:59 2022,33.8125,38,29.313
Mon Mar  7 15:42:01 2022,33.9375,38,29.314
Mon Mar  7 15:42:01 2022,33.9375,38,29.314
Mon Mar  7 15:42:03 2022,33.9375,38,29.3143
Mon Mar  7 15:42:03 2022,33.9375,38,29.3143
Mon Mar  7 15:42:06 2022,34.125,38,29.3146
Mon Mar  7 15:42:06 2022,34.125,38,29.3146
Mon Mar  7 15:42:08 2022,34.25,38,29.315
Mon Mar  7 15:42:08 2022,34.25,38,29.315
Mon Mar  7 15:42:10 2022,34.375,38,29.3153
Mon Mar  7 15:42:10 2022,34.375,38,29.3153
Mon Mar  7 15:42:12 2022,34.5625,38,29.3162
Mon Mar  7 15:42:12 2022,34.5625,38,29.3162
Mon Mar  7 15:42:15 2022,34.75,38,29.3175
Mon Mar  7 15:42:15 2022,34.75,38,29.3175
Mon Mar  7 15:42:17 2022,34.875,38,29.3182
Mon Mar  7 15:42:17 2022,34.875,38,29.3182
Mon Mar  7 15:42:19 2022,35.0625,38,29.3185
Mon Mar  7 15:42:19 2022,35.0625,38,29.3185
Mon Mar  7 15:42:22 2022,35.25,38,29.3185
Mon Mar  7 15:42:22 2022,35.25,38,29.3185
Mon Mar  7 15:42:24 2022,35.4375,38,29.3182
Mon Mar  7 15:42:24 2022,35.4375,38,29.3182
Mon Mar  7 15:42:26 2022,35.4375,38,29.3182
Mon Mar  7 15:42:26 2022,35.4375,38,29.3182
Mon Mar  7 15:42:29 2022,35.5625,38,29.3182
Mon Mar  7 15:42:29 2022,35.5625,38,29.3182
Mon Mar  7 15:42:31 2022,35.75,38,29.3185
Mon Mar  7 15:42:31 2022,35.75,38,29.3185
Mon Mar  7 15:42:33 2022,35.9375,38,29.3188
Mon Mar  7 15:42:33 2022,35.9375,38,29.3188
Mon Mar  7 15:42:35 2022,36.125,38,29.3185
Mon Mar  7 15:42:35 2022,36.125,38,29.3185
Mon Mar  7 15:42:38 2022,36.3125,38,29.3191
Mon Mar  7 15:42:38 2022,36.3125,38,29.3191
Mon Mar  7 15:42:40 2022,36.4375,38,29.3194
Mon Mar  7 15:42:40 2022,36.4375,38,29.3194
Mon Mar  7 15:42:42 2022,36.5625,38,29.3207
Mon Mar  7 15:42:42 2022,36.5625,38,29.3207
Mon Mar  7 15:42:45 2022,36.75,38,29.3214
Mon Mar  7 15:42:45 2022,36.75,38,29.3214
Mon Mar  7 15:42:47 2022,36.8125,38,29.3223
Mon Mar  7 15:42:47 2022,36.8125,38,29.3223
Mon Mar  7 15:42:49 2022,36.8125,38,29.3226
Mon Mar  7 15:42:49 2022,36.8125,38,29.3226
Mon Mar  7 15:42:52 2022,37,38,29.3233
Mon Mar  7 15:42:52 2022,37,38,29.3233
Mon Mar  7 15:42:54 2022,37.125,38,29.3239
Mon Mar  7 15:42:54 2022,37.125,38,29.3239
Mon Mar  7 15:42:56 2022,37.1875,38,29.3246
Mon Mar  7 15:42:56 2022,37.1875,38,29.3246
Mon Mar  7 15:42:58 2022,37.3125,38,29.3255
Mon Mar  7 15:42:58 2022,37.3125,38,29.3255
Mon Mar  7 15:43:01 2022,37.375,38,29.3262
Mon Mar  7 15:43:01 2022,37.375,38,29.3262
Mon Mar  7 15:43:03 2022,37.5,38,29.3265
Mon Mar  7 15:43:03 2022,37.5,38,29.3265
Mon Mar  7 15:43:05 2022,37.5625,38,29.3268
Mon Mar  7 15:43:05 2022,37.5625,38,29.3268
Mon Mar  7 15:43:08 2022,37.6875,38,29.3274
Mon Mar  7 15:43:08 2022,37.6875,38,29.3274
Mon Mar  7 15:43:10 2022,37.75,38,29.3284
Mon Mar  7 15:43:10 2022,37.75,38,29.3284
Mon Mar  7 15:43:12 2022,37.75,38,29.3297
Mon Mar  7 15:43:12 2022,37.75,38,29.3297
Mon Mar  7 15:43:15 2022,37.8125,38,29.3297
Mon Mar  7 15:43:15 2022,37.8125,38,29.3297
Mon Mar  7 15:43:17 2022,37.875,38,29.3294
Mon Mar  7 15:43:17 2022,37.875,38,29.3294
Mon Mar  7 15:43:19 2022,37.9375,38,29.3278
Mon Mar  7 15:43:19 2022,37.9375,38,29.3278
Mon Mar  7 15:43:21 2022,38,38,29.3265
Mon Mar  7 15:43:21 2022,38,38,29.3265
Mon Mar  7 15:43:24 2022,38,38,29.3236
Mon Mar  7 15:43:24 2022,38,38,29.3236
Mon Mar  7 15:43:26 2022,38.0625,38,29.322
Mon Mar  7 15:43:26 2022,38.0625,38,29.322
Mon Mar  7 15:43:28 2022,38.125,38,29.3201
Mon Mar  7 15:43:28 2022,38.125,38,29.3201
Mon Mar  7 15:43:31 2022,38.125,38,29.3185
Mon Mar  7 15:43:31 2022,38.125,38,29.3185
Mon Mar  7 15:43:33 2022,38.125,38,29.3166
Mon Mar  7 15:43:33 2022,38.125,38,29.3166
Mon Mar  7 15:43:35 2022,38.125,38,29.3146
Mon Mar  7 15:43:35 2022,38.125,38,29.3146
Mon Mar  7 15:43:38 2022,38.1875,46,29.3127
Mon Mar  7 15:43:38 2022,38.1875,46,29.3127
Mon Mar  7 15:43:40 2022,38.125,46,29.3105
Mon Mar  7 15:43:40 2022,38.125,46,29.3105
Mon Mar  7 15:43:42 2022,38.1875,46,29.3086
Mon Mar  7 15:43:42 2022,38.1875,46,29.3086
Mon Mar  7 15:43:44 2022,38.1875,46,29.3063
Mon Mar  7 15:43:44 2022,38.1875,46,29.3063
Mon Mar  7 15:43:47 2022,38.25,46,29.3044
Mon Mar  7 15:43:47 2022,38.25,46,29.3044
Mon Mar  7 15:43:49 2022,38.25,46,29.3019
Mon Mar  7 15:43:49 2022,38.25,46,29.3019
Mon Mar  7 15:43:51 2022,38.3125,46,29.3009
Mon Mar  7 15:43:51 2022,38.3125,46,29.3009
Mon Mar  7 15:43:54 2022,38.3125,46,29.3003
Mon Mar  7 15:43:54 2022,38.3125,46,29.3003
Mon Mar  7 15:43:56 2022,38.3125,46,29.2993
Mon Mar  7 15:43:56 2022,38.3125,46,29.2993
Mon Mar  7 15:43:58 2022,38.375,46,29.2987
Mon Mar  7 15:43:58 2022,38.375,46,29.2987
Mon Mar  7 15:44:01 2022,38.5,46,29.298
Mon Mar  7 15:44:01 2022,38.5,46,29.298
Mon Mar  7 15:44:03 2022,38.5625,46,29.2977
Mon Mar  7 15:44:03 2022,38.5625,46,29.2977
Mon Mar  7 15:44:05 2022,38.625,46,29.2974
Mon Mar  7 15:44:05 2022,38.625,46,29.2974
Mon Mar  7 15:44:07 2022,38.8125,46,29.2974
Mon Mar  7 15:44:07 2022,38.8125,46,29.2974
Mon Mar  7 15:44:10 2022,38.875,46,29.2974
Mon Mar  7 15:44:10 2022,38.875,46,29.2974
Mon Mar  7 15:44:12 2022,39,46,29.2977
Mon Mar  7 15:44:12 2022,39,46,29.2977
Mon Mar  7 15:44:14 2022,39.0625,46,29.2974
Mon Mar  7 15:44:14 2022,39.0625,46,29.2974
Mon Mar  7 15:44:17 2022,39.25,46,29.2974
Mon Mar  7 15:44:17 2022,39.25,46,29.2974
Mon Mar  7 15:44:19 2022,39.25,46,29.2971
Mon Mar  7 15:44:19 2022,39.25,46,29.2971
Mon Mar  7 15:44:21 2022,39.375,46,29.2971
Mon Mar  7 15:44:21 2022,39.375,46,29.2971
Mon Mar  7 15:44:23 2022,39.5,46,29.2974
Mon Mar  7 15:44:23 2022,39.5,46,29.2974
Mon Mar  7 15:44:26 2022,39.625,46,29.2974
Mon Mar  7 15:44:26 2022,39.625,46,29.2974
Mon Mar  7 15:44:28 2022,39.75,46,29.2977
Mon Mar  7 15:44:28 2022,39.75,46,29.2977
Mon Mar  7 15:44:30 2022,39.9375,46,29.2977
Mon Mar  7 15:44:30 2022,39.9375,46,29.2977
Mon Mar  7 15:44:33 2022,40.0625,46,29.298
Mon Mar  7 15:44:33 2022,40.0625,46,29.298
Mon Mar  7 15:44:35 2022,40.1875,46,29.298
Mon Mar  7 15:44:35 2022,40.1875,46,29.298
Mon Mar  7 15:44:37 2022,40.375,46,29.298
Mon Mar  7 15:44:37 2022,40.375,46,29.298
Mon Mar  7 15:44:40 2022,40.5,46,29.2974
Mon Mar  7 15:44:40 2022,40.5,46,29.2974
Mon Mar  7 15:44:42 2022,40.6875,46,29.2955
Mon Mar  7 15:44:42 2022,40.6875,46,29.2955
Mon Mar  7 15:44:44 2022,40.6875,46,29.2942
Mon Mar  7 15:44:44 2022,40.6875,46,29.2942
Mon Mar  7 15:44:47 2022,40.8125,46,29.2932
Mon Mar  7 15:44:47 2022,40.8125,46,29.2932
Mon Mar  7 15:44:49 2022,41,46,29.2923
Mon Mar  7 15:44:49 2022,41,46,29.2923
Mon Mar  7 15:44:51 2022,41.125,46,29.2916
Mon Mar  7 15:44:51 2022,41.125,46,29.2916
Mon Mar  7 15:44:53 2022,41.3125,46,29.2916
Mon Mar  7 15:44:53 2022,41.3125,46,29.2916
Mon Mar  7 15:44:56 2022,41.4375,46,29.2919
Mon Mar  7 15:44:56 2022,41.4375,46,29.2919
Mon Mar  7 15:44:58 2022,41.625,46,29.2926
Mon Mar  7 15:44:58 2022,41.625,46,29.2926
Mon Mar  7 15:45:00 2022,41.8125,46,29.2939
Mon Mar  7 15:45:00 2022,41.8125,46,29.2939
Mon Mar  7 15:45:03 2022,42,46,29.2948
Mon Mar  7 15:45:03 2022,42,46,29.2948
Mon Mar  7 15:45:05 2022,42,46,29.2955
Mon Mar  7 15:45:05 2022,42,46,29.2955
Mon Mar  7 15:45:07 2022,42.1875,46,29.2961
Mon Mar  7 15:45:07 2022,42.1875,46,29.2961
Mon Mar  7 15:45:10 2022,42.375,46,29.2974
Mon Mar  7 15:45:10 2022,42.375,46,29.2974
Mon Mar  7 15:45:12 2022,42.5,46,29.298
Mon Mar  7 15:45:12 2022,42.5,46,29.298
Mon Mar  7 15:45:14 2022,42.6875,46,29.2987
Mon Mar  7 15:45:14 2022,42.6875,46,29.2987
Mon Mar  7 15:45:17 2022,42.875,46,29.299
Mon Mar  7 15:45:17 2022,42.875,46,29.299
Mon Mar  7 15:45:19 2022,43,46,29.299
Mon Mar  7 15:45:19 2022,43,46,29.299
Mon Mar  7 15:45:21 2022,43.1875,46,29.2999
Mon Mar  7 15:45:21 2022,43.1875,46,29.2999
Mon Mar  7 15:45:23 2022,43.375,46,29.3003
Mon Mar  7 15:45:23 2022,43.375,46,29.3003
Mon Mar  7 15:45:26 2022,43.5,46,29.3009
Mon Mar  7 15:45:26 2022,43.5,46,29.3009
Mon Mar  7 15:45:28 2022,43.75,46,29.3009
Mon Mar  7 15:45:28 2022,43.75,46,29.3009
Mon Mar  7 15:45:30 2022,43.75,46,29.3012
Mon Mar  7 15:45:30 2022,43.75,46,29.3012
Mon Mar  7 15:45:33 2022,43.875,46,29.3015
Mon Mar  7 15:45:33 2022,43.875,46,29.3015
Mon Mar  7 15:45:35 2022,44,46,29.3012
Mon Mar  7 15:45:35 2022,44,46,29.3012
Mon Mar  7 15:45:37 2022,44.1875,46,29.3012
Mon Mar  7 15:45:37 2022,44.1875,46,29.3012
Mon Mar  7 15:45:39 2022,44.3125,46,29.3012
Mon Mar  7 15:45:39 2022,44.3125,46,29.3012
Mon Mar  7 15:45:42 2022,44.5,46,29.3015
Mon Mar  7 15:45:42 2022,44.5,46,29.3015
Mon Mar  7 15:45:44 2022,44.625,46,29.3012
Mon Mar  7 15:45:44 2022,44.625,46,29.3012
Mon Mar  7 15:45:46 2022,44.75,46,29.3006
Mon Mar  7 15:45:46 2022,44.75,46,29.3006
Mon Mar  7 15:45:49 2022,44.9375,46,29.3006
Mon Mar  7 15:45:49 2022,44.9375,46,29.3006
Mon Mar  7 15:45:51 2022,44.9375,46,29.3003
Mon Mar  7 15:45:51 2022,44.9375,46,29.3003
Mon Mar  7 15:45:53 2022,45.0625,46,29.3003
Mon Mar  7 15:45:53 2022,45.0625,46,29.3003
Mon Mar  7 15:45:56 2022,45.125,46,29.2999
Mon Mar  7 15:45:56 2022,45.125,46,29.2999
Mon Mar  7 15:45:58 2022,45.25,46,29.3003
Mon Mar  7 15:45:58 2022,45.25,46,29.3003
Mon Mar  7 15:46:00 2022,45.375,46,29.3006
Mon Mar  7 15:46:00 2022,45.375,46,29.3006
Mon Mar  7 15:46:02 2022,45.4375,46,29.3015
Mon Mar  7 15:46:02 2022,45.4375,46,29.3015
Mon Mar  7 15:46:05 2022,45.5625,46,29.3035
Mon Mar  7 15:46:05 2022,45.5625,46,29.3035
Mon Mar  7 15:46:07 2022,45.5625,46,29.3057
Mon Mar  7 15:46:07 2022,45.5625,46,29.3057
Mon Mar  7 15:46:09 2022,45.625,46,29.3086
Mon Mar  7 15:46:09 2022,45.625,46,29.3086
Mon Mar  7 15:46:12 2022,45.75,46,29.3095
Mon Mar  7 15:46:12 2022,45.75,46,29.3095
Mon Mar  7 15:46:14 2022,45.75,46,29.3102
Mon Mar  7 15:46:14 2022,45.75,46,29.3102
Mon Mar  7 15:46:16 2022,45.8125,46,29.3118
Mon Mar  7 15:46:16 2022,45.8125,46,29.3118
Mon Mar  7 15:46:19 2022,45.875,46,29.313
Mon Mar  7 15:46:19 2022,45.875,46,29.313
Mon Mar  7 15:46:21 2022,45.875,46,29.3143
Mon Mar  7 15:46:21 2022,45.875,46,29.3143
Mon Mar  7 15:46:23 2022,45.9375,46,29.3162
Mon Mar  7 15:46:23 2022,45.9375,46,29.3162
Mon Mar  7 15:46:26 2022,45.9375,46,29.3182
Mon Mar  7 15:46:26 2022,45.9375,46,29.3182
Mon Mar  7 15:46:28 2022,46,46,29.3191
Mon Mar  7 15:46:28 2022,46,46,29.3191
Mon Mar  7 15:46:30 2022,46,46,29.3204
Mon Mar  7 15:46:30 2022,46,46,29.3204
Mon Mar  7 15:46:32 2022,46,46,29.3223
Mon Mar  7 15:46:32 2022,46,46,29.3223
Mon Mar  7 15:46:35 2022,46.0625,46,29.323
Mon Mar  7 15:46:35 2022,46.0625,46,29.323
Mon Mar  7 15:46:37 2022,46.0625,46,29.3236
Mon Mar  7 15:46:37 2022,46.0625,46,29.3236
Mon Mar  7 15:46:39 2022,46.0625,46,29.3242
Mon Mar  7 15:46:39 2022,46.0625,46,29.3242
Mon Mar  7 15:46:42 2022,46.0625,46,29.3255
Mon Mar  7 15:46:42 2022,46.0625,46,29.3255
Mon Mar  7 15:46:44 2022,46.0625,46,29.3268
Mon Mar  7 15:46:44 2022,46.0625,46,29.3268
Mon Mar  7 15:46:46 2022,46.0625,46,29.3278
Mon Mar  7 15:46:46 2022,46.0625,46,29.3278
Mon Mar  7 15:46:48 2022,46.0625,46,29.329
Mon Mar  7 15:46:48 2022,46.0625,46,29.329
Mon Mar  7 15:46:51 2022,46.0625,46,29.3306
Mon Mar  7 15:46:51 2022,46.0625,46,29.3306
Mon Mar  7 15:46:53 2022,46.0625,46,29.3322
Mon Mar  7 15:46:53 2022,46.0625,46,29.3322
Mon Mar  7 15:46:55 2022,46.0625,46,29.3338
Mon Mar  7 15:46:55 2022,46.0625,46,29.3338
Mon Mar  7 15:46:58 2022,46,46,29.3361
Mon Mar  7 15:46:58 2022,46,46,29.3361
Mon Mar  7 15:47:00 2022,46,46,29.3367
Mon Mar  7 15:47:00 2022,46,46,29.3367
Mon Mar  7 15:47:02 2022,46.0625,46,29.337
Mon Mar  7 15:47:02 2022,46.0625,46,29.337
Mon Mar  7 15:47:05 2022,46.0625,46,29.337
Mon Mar  7 15:47:05 2022,46.0625,46,29.337
Mon Mar  7 15:47:07 2022,46.0625,46,29.3361
Mon Mar  7 15:47:07 2022,46.0625,46,29.3361
Mon Mar  7 15:47:09 2022,46,46,29.3354
Mon Mar  7 15:47:09 2022,46,46,29.3354
Mon Mar  7 15:47:11 2022,46,46,29.3345
Mon Mar  7 15:47:11 2022,46,46,29.3345
Mon Mar  7 15:47:14 2022,46,46,29.3345
Mon Mar  7 15:47:14 2022,46,46,29.3345
Mon Mar  7 15:47:16 2022,46,46,29.3345
Mon Mar  7 15:47:16 2022,46,46,29.3345
Mon Mar  7 15:47:18 2022,45.9375,46,29.3342
Mon Mar  7 15:47:18 2022,45.9375,46,29.3342
Mon Mar  7 15:47:21 2022,45.9375,46,29.3345
Mon Mar  7 15:47:21 2022,45.9375,46,29.3345
Mon Mar  7 15:47:23 2022,45.9375,46,29.3351
Mon Mar  7 15:47:23 2022,45.9375,46,29.3351
Mon Mar  7 15:47:25 2022,45.9375,46,29.3358
Mon Mar  7 15:47:25 2022,45.9375,46,29.3358
Mon Mar  7 15:47:28 2022,45.9375,46,29.3361
Mon Mar  7 15:47:28 2022,45.9375,46,29.3361
Mon Mar  7 15:47:30 2022,45.9375,46,29.3364
Mon Mar  7 15:47:30 2022,45.9375,46,29.3364
Mon Mar  7 15:47:32 2022,45.9375,46,29.3364
Mon Mar  7 15:47:32 2022,45.9375,46,29.3364
Mon Mar  7 15:47:34 2022,45.875,46,29.3367
Mon Mar  7 15:47:34 2022,45.875,46,29.3367
Mon Mar  7 15:47:37 2022,45.9375,46,29.3374
Mon Mar  7 15:47:37 2022,45.9375,46,29.3374
Mon Mar  7 15:47:39 2022,45.875,46,29.3374
Mon Mar  7 15:47:39 2022,45.875,46,29.3374
Mon Mar  7 15:47:41 2022,45.875,46,29.338
Mon Mar  7 15:47:41 2022,45.875,46,29.338
Mon Mar  7 15:47:44 2022,45.875,46,29.3383
Mon Mar  7 15:47:44 2022,45.875,46,29.3383
Mon Mar  7 15:47:46 2022,45.875,46,29.3386
Mon Mar  7 15:47:46 2022,45.875,46,29.3386
Mon Mar  7 15:47:48 2022,45.875,46,29.3393
Mon Mar  7 15:47:48 2022,45.875,46,29.3393
Mon Mar  7 15:47:51 2022,45.8125,46,29.3396
Mon Mar  7 15:47:51 2022,45.8125,46,29.3396
Mon Mar  7 15:47:53 2022,45.875,46,29.3399
Mon Mar  7 15:47:53 2022,45.875,46,29.3399
Mon Mar  7 15:47:55 2022,45.8125,46,29.3402
Mon Mar  7 15:47:55 2022,45.8125,46,29.3402
Mon Mar  7 15:47:57 2022,45.8125,46,29.3405
Mon Mar  7 15:47:57 2022,45.8125,46,29.3405
Mon Mar  7 15:48:00 2022,45.8125,46,29.3405
Mon Mar  7 15:48:00 2022,45.8125,46,29.3405
Mon Mar  7 15:48:02 2022,45.8125,46,29.3412
Mon Mar  7 15:48:02 2022,45.8125,46,29.3412
Mon Mar  7 15:48:04 2022,45.8125,46,29.3412
Mon Mar  7 15:48:04 2022,45.8125,46,29.3412
Mon Mar  7 15:48:07 2022,45.75,46,29.3415
Mon Mar  7 15:48:07 2022,45.75,46,29.3415
Mon Mar  7 15:48:09 2022,45.75,46,29.3412
Mon Mar  7 15:48:09 2022,45.75,46,29.3412
Mon Mar  7 15:48:11 2022,45.8125,46,29.3412
Mon Mar  7 15:48:11 2022,45.8125,46,29.3412
Mon Mar  7 15:48:14 2022,45.8125,54,29.3412
Mon Mar  7 15:48:14 2022,45.8125,54,29.3412
Mon Mar  7 15:48:16 2022,45.75,54,29.3412
Mon Mar  7 15:48:16 2022,45.75,54,29.3412
Mon Mar  7 15:48:18 2022,45.8125,54,29.3418
Mon Mar  7 15:48:18 2022,45.8125,54,29.3418
Mon Mar  7 15:48:21 2022,45.8125,54,29.3428
Mon Mar  7 15:48:21 2022,45.8125,54,29.3428
Mon Mar  7 15:48:23 2022,45.8125,54,29.3441
Mon Mar  7 15:48:23 2022,45.8125,54,29.3441
Mon Mar  7 15:48:25 2022,45.8125,54,29.345
Mon Mar  7 15:48:25 2022,45.8125,54,29.345
Mon Mar  7 15:48:27 2022,45.8125,54,29.3453
Mon Mar  7 15:48:27 2022,45.8125,54,29.3453
Mon Mar  7 15:48:30 2022,45.875,54,29.346
Mon Mar  7 15:48:30 2022,45.875,54,29.346
Mon Mar  7 15:48:32 2022,45.875,54,29.3473
Mon Mar  7 15:48:32 2022,45.875,54,29.3473
Mon Mar  7 15:48:34 2022,45.9375,54,29.3479
Mon Mar  7 15:48:34 2022,45.9375,54,29.3479
Mon Mar  7 15:48:37 2022,45.9375,54,29.3489
Mon Mar  7 15:48:37 2022,45.9375,54,29.3489
Mon Mar  7 15:48:39 2022,46,54,29.3495
Mon Mar  7 15:48:39 2022,46,54,29.3495
Mon Mar  7 15:48:41 2022,46.0625,54,29.3498
Mon Mar  7 15:48:41 2022,46.0625,54,29.3498
Mon Mar  7 15:48:44 2022,46.125,54,29.3505
Mon Mar  7 15:48:44 2022,46.125,54,29.3505
Mon Mar  7 15:48:46 2022,46.25,54,29.3511
Mon Mar  7 15:48:46 2022,46.25,54,29.3511
Mon Mar  7 15:48:48 2022,46.3125,54,29.3517
Mon Mar  7 15:48:48 2022,46.3125,54,29.3517
Mon Mar  7 15:48:50 2022,46.4375,54,29.3521
Mon Mar  7 15:48:50 2022,46.4375,54,29.3521
Mon Mar  7 15:48:53 2022,46.5,54,29.3521
Mon Mar  7 15:48:53 2022,46.5,54,29.3521
Mon Mar  7 15:48:55 2022,46.5,54,29.353
Mon Mar  7 15:48:55 2022,46.5,54,29.353
Mon Mar  7 15:48:57 2022,46.625,54,29.3533
Mon Mar  7 15:48:57 2022,46.625,54,29.3533
Mon Mar  7 15:49:00 2022,46.75,57,29.354
Mon Mar  7 15:49:00 2022,46.75,57,29.354
Mon Mar  7 15:49:02 2022,46.8125,57,29.3543
Mon Mar  7 15:49:02 2022,46.8125,57,29.3543
Mon Mar  7 15:49:04 2022,46.875,57,29.3527
Mon Mar  7 15:49:04 2022,46.875,57,29.3527
Mon Mar  7 15:49:07 2022,47,57,29.3511
Mon Mar  7 15:49:07 2022,47,57,29.3511
Mon Mar  7 15:49:09 2022,47.125,57,29.3508
Mon Mar  7 15:49:09 2022,47.125,57,29.3508
Mon Mar  7 15:49:11 2022,47.3125,57,29.3508
Mon Mar  7 15:49:11 2022,47.3125,57,29.3508
Mon Mar  7 15:49:13 2022,47.375,57,29.3508
Mon Mar  7 15:49:13 2022,47.375,57,29.3508
Mon Mar  7 15:49:16 2022,47.5,57,29.3505
Mon Mar  7 15:49:16 2022,47.5,57,29.3505
Mon Mar  7 15:49:18 2022,47.5,57,29.3505
Mon Mar  7 15:49:18 2022,47.5,57,29.3505
Mon Mar  7 15:49:20 2022,47.6875,57,29.3501
Mon Mar  7 15:49:20 2022,47.6875,57,29.3501
Mon Mar  7 15:49:23 2022,47.8125,57,29.3495
Mon Mar  7 15:49:23 2022,47.8125,57,29.3495
Mon Mar  7 15:49:25 2022,47.9375,57,29.3489
Mon Mar  7 15:49:25 2022,47.9375,57,29.3489
Mon Mar  7 15:49:27 2022,48.0625,57,29.3479
Mon Mar  7 15:49:27 2022,48.0625,57,29.3479
Mon Mar  7 15:49:30 2022,48.1875,57,29.3469
Mon Mar  7 15:49:30 2022,48.1875,57,29.3469
Mon Mar  7 15:49:32 2022,48.375,57,29.3463
Mon Mar  7 15:49:32 2022,48.375,57,29.3463
Mon Mar  7 15:49:34 2022,48.5,57,29.3457
Mon Mar  7 15:49:34 2022,48.5,57,29.3457
Mon Mar  7 15:49:36 2022,48.625,57,29.3447
Mon Mar  7 15:49:36 2022,48.625,57,29.3447
Mon Mar  7 15:49:39 2022,48.75,57,29.3437
Mon Mar  7 15:49:39 2022,48.75,57,29.3437
Mon Mar  7 15:49:41 2022,48.75,57,29.3434
Mon Mar  7 15:49:41 2022,48.75,57,29.3434
Mon Mar  7 15:49:43 2022,48.875,57,29.3431
Mon Mar  7 15:49:43 2022,48.875,57,29.3431
Mon Mar  7 15:49:46 2022,49,57,29.3431
Mon Mar  7 15:49:46 2022,49,57,29.3431
Mon Mar  7 15:49:48 2022,49.125,57,29.3431
Mon Mar  7 15:49:48 2022,49.125,57,29.3431
Mon Mar  7 15:49:50 2022,49.25,57,29.3431
Mon Mar  7 15:49:50 2022,49.25,57,29.3431
Mon Mar  7 15:49:53 2022,49.375,57,29.3437
Mon Mar  7 15:49:53 2022,49.375,57,29.3437
Mon Mar  7 15:49:55 2022,49.5625,57,29.3444
Mon Mar  7 15:49:55 2022,49.5625,57,29.3444
Mon Mar  7 15:49:57 2022,49.6875,57,29.3447
Mon Mar  7 15:49:57 2022,49.6875,57,29.3447
Mon Mar  7 15:49:59 2022,49.8125,57,29.3453
Mon Mar  7 15:49:59 2022,49.8125,57,29.3453
Mon Mar  7 15:50:02 2022,49.9375,57,29.346
Mon Mar  7 15:50:02 2022,49.9375,57,29.346
Mon Mar  7 15:50:04 2022,49.9375,57,29.3466
Mon Mar  7 15:50:04 2022,49.9375,57,29.3466
Mon Mar  7 15:50:06 2022,50.0625,57,29.3466
Mon Mar  7 15:50:06 2022,50.0625,57,29.3466
Mon Mar  7 15:50:09 2022,50.25,57,29.3466
Mon Mar  7 15:50:09 2022,50.25,57,29.3466
Mon Mar  7 15:50:11 2022,50.375,57,29.3473
Mon Mar  7 15:50:11 2022,50.375,57,29.3473
Mon Mar  7 15:50:13 2022,50.5,57,29.3466
Mon Mar  7 15:50:13 2022,50.5,57,29.3466
Mon Mar  7 15:50:16 2022,50.6875,57,29.3453
Mon Mar  7 15:50:16 2022,50.6875,57,29.3453
Mon Mar  7 15:50:18 2022,50.8125,57,29.3437
Mon Mar  7 15:50:18 2022,50.8125,57,29.3437
Mon Mar  7 15:50:20 2022,50.9375,57,29.3434
Mon Mar  7 15:50:20 2022,50.9375,57,29.3434
Mon Mar  7 15:50:22 2022,51.0625,57,29.3431
Mon Mar  7 15:50:22 2022,51.0625,57,29.3431
Mon Mar  7 15:50:25 2022,51.1875,57,29.3428
Mon Mar  7 15:50:25 2022,51.1875,57,29.3428
Mon Mar  7 15:50:27 2022,51.1875,57,29.3409
Mon Mar  7 15:50:27 2022,51.1875,57,29.3409
Mon Mar  7 15:50:29 2022,51.375,57,29.3358
Mon Mar  7 15:50:29 2022,51.375,57,29.3358
Mon Mar  7 15:50:32 2022,51.5,61,29.3303
Mon Mar  7 15:50:32 2022,51.5,61,29.3303
Mon Mar  7 15:50:34 2022,51.625,61,29.3252
Mon Mar  7 15:50:34 2022,51.625,61,29.3252
Mon Mar  7 15:50:36 2022,51.75,61,29.321
Mon Mar  7 15:50:36 2022,51.75,61,29.321
Mon Mar  7 15:50:39 2022,51.875,61,29.3172
Mon Mar  7 15:50:39 2022,51.875,61,29.3172
Mon Mar  7 15:50:41 2022,52,61,29.3124
Mon Mar  7 15:50:41 2022,52,61,29.3124
Mon Mar  7 15:50:43 2022,52.125,61,29.3044
Mon Mar  7 15:50:43 2022,52.125,61,29.3044
Mon Mar  7 15:50:45 2022,52.25,61,29.2958
Mon Mar  7 15:50:45 2022,52.25,61,29.2958
Mon Mar  7 15:50:48 2022,52.25,61,29.2884
Mon Mar  7 15:50:48 2022,52.25,61,29.2884
Mon Mar  7 15:50:50 2022,52.3125,61,29.282
Mon Mar  7 15:50:50 2022,52.3125,61,29.282
Mon Mar  7 15:50:52 2022,52.5,61,29.275
Mon Mar  7 15:50:52 2022,52.5,61,29.275
Mon Mar  7 15:50:55 2022,52.625,61,29.2686
Mon Mar  7 15:50:55 2022,52.625,61,29.2686
Mon Mar  7 15:50:57 2022,52.75,61,29.2628
Mon Mar  7 15:50:57 2022,52.75,61,29.2628
Mon Mar  7 15:50:59 2022,52.875,61,29.2574
Mon Mar  7 15:50:59 2022,52.875,61,29.2574
Mon Mar  7 15:51:02 2022,52.9375,61,29.2526
Mon Mar  7 15:51:02 2022,52.9375,61,29.2526
Mon Mar  7 15:51:04 2022,53.0625,61,29.2475
Mon Mar  7 15:51:04 2022,53.0625,61,29.2475
Mon Mar  7 15:51:06 2022,53.125,61,29.244
Mon Mar  7 15:51:06 2022,53.125,61,29.244
Mon Mar  7 15:51:08 2022,53.25,61,29.2405
Mon Mar  7 15:51:08 2022,53.25,61,29.2405
Mon Mar  7 15:51:11 2022,53.25,61,29.2373
Mon Mar  7 15:51:11 2022,53.25,61,29.2373
Mon Mar  7 15:51:13 2022,53.375,61,29.2344
Mon Mar  7 15:51:13 2022,53.375,61,29.2344
Mon Mar  7 15:51:15 2022,53.5,61,29.2296
Mon Mar  7 15:51:15 2022,53.5,61,29.2296
Mon Mar  7 15:51:18 2022,53.625,61,29.2257
Mon Mar  7 15:51:18 2022,53.625,61,29.2257
Mon Mar  7 15:51:20 2022,53.75,61,29.2225
Mon Mar  7 15:51:20 2022,53.75,61,29.2225
Mon Mar  7 15:51:22 2022,53.875,61,29.2184
Mon Mar  7 15:51:22 2022,53.875,61,29.2184
Mon Mar  7 15:51:25 2022,54,61,29.2142
Mon Mar  7 15:51:25 2022,54,61,29.2142
Mon Mar  7 15:51:27 2022,54.125,61,29.2101
Mon Mar  7 15:51:27 2022,54.125,61,29.2101
Mon Mar  7 15:51:29 2022,54.25,61,29.2056
Mon Mar  7 15:51:29 2022,54.25,61,29.2056
Mon Mar  7 15:51:31 2022,54.375,61,29.2018
Mon Mar  7 15:51:31 2022,54.375,61,29.2018
Mon Mar  7 15:51:34 2022,54.375,61,29.1986
Mon Mar  7 15:51:34 2022,54.375,61,29.1986
Mon Mar  7 15:51:36 2022,54.5,61,29.1957
Mon Mar  7 15:51:36 2022,54.5,61,29.1957
Mon Mar  7 15:51:38 2022,54.625,61,29.1928
Mon Mar  7 15:51:38 2022,54.625,61,29.1928
Mon Mar  7 15:51:41 2022,54.75,61,29.1909
Mon Mar  7 15:51:41 2022,54.75,61,29.1909
Mon Mar  7 15:51:43 2022,54.9375,61,29.1886
Mon Mar  7 15:51:43 2022,54.9375,61,29.1886
Mon Mar  7 15:51:45 2022,55,61,29.1864
Mon Mar  7 15:51:45 2022,55,61,29.1864
Mon Mar  7 15:51:48 2022,55.125,61,29.1855
Mon Mar  7 15:51:48 2022,55.125,61,29.1855
Mon Mar  7 15:51:50 2022,55.3125,61,29.1845
Mon Mar  7 15:51:50 2022,55.3125,61,29.1845
Mon Mar  7 15:51:52 2022,55.375,61,29.1829
Mon Mar  7 15:51:52 2022,55.375,61,29.1829
Mon Mar  7 15:51:54 2022,55.5,61,29.1819
Mon Mar  7 15:51:54 2022,55.5,61,29.1819
Mon Mar  7 15:51:57 2022,55.5,61,29.181
Mon Mar  7 15:51:57 2022,55.5,61,29.181
Mon Mar  7 15:51:59 2022,55.625,61,29.1803
Mon Mar  7 15:51:59 2022,55.625,61,29.1803
Mon Mar  7 15:52:01 2022,55.75,61,29.1797
Mon Mar  7 15:52:01 2022,55.75,61,29.1797
Mon Mar  7 15:52:04 2022,55.875,61,29.1791
Mon Mar  7 15:52:04 2022,55.875,61,29.1791
Mon Mar  7 15:52:06 2022,56,61,29.1787
Mon Mar  7 15:52:06 2022,56,61,29.1787
Mon Mar  7 15:52:08 2022,56.125,61,29.1787
Mon Mar  7 15:52:08 2022,56.125,61,29.1787
Mon Mar  7 15:52:11 2022,56.25,61,29.1787
Mon Mar  7 15:52:11 2022,56.25,61,29.1787
Mon Mar  7 15:52:13 2022,56.375,61,29.1791
Mon Mar  7 15:52:13 2022,56.375,61,29.1791
Mon Mar  7 15:52:15 2022,56.5,61,29.1797
Mon Mar  7 15:52:15 2022,56.5,61,29.1797
Mon Mar  7 15:52:17 2022,56.5625,61,29.1794
Mon Mar  7 15:52:17 2022,56.5625,61,29.1794
Mon Mar  7 15:52:20 2022,56.5625,61,29.1794
Mon Mar  7 15:52:20 2022,56.5625,61,29.1794
Mon Mar  7 15:52:22 2022,56.75,61,29.1797
Mon Mar  7 15:52:22 2022,56.75,61,29.1797
Mon Mar  7 15:52:24 2022,56.8125,61,29.181
Mon Mar  7 15:52:24 2022,56.8125,61,29.181
Mon Mar  7 15:52:27 2022,56.9375,61,29.1813
Mon Mar  7 15:52:27 2022,56.9375,61,29.1813
Mon Mar  7 15:52:29 2022,57.0625,61,29.1826
Mon Mar  7 15:52:29 2022,57.0625,61,29.1826
Mon Mar  7 15:52:31 2022,57.1875,61,29.1839
Mon Mar  7 15:52:31 2022,57.1875,61,29.1839
Mon Mar  7 15:52:34 2022,57.25,61,29.1845
Mon Mar  7 15:52:34 2022,57.25,61,29.1845
Mon Mar  7 15:52:36 2022,57.375,61,29.1839
Mon Mar  7 15:52:36 2022,57.375,61,29.1839
Mon Mar  7 15:52:38 2022,57.5,61,29.1845
Mon Mar  7 15:52:38 2022,57.5,61,29.1845
Mon Mar  7 15:52:40 2022,57.625,61,29.1835
Mon Mar  7 15:52:40 2022,57.625,61,29.1835
Mon Mar  7 15:52:43 2022,57.625,61,29.1816
Mon Mar  7 15:52:43 2022,57.625,61,29.1816
Mon Mar  7 15:52:45 2022,57.75,61,29.1794
Mon Mar  7 15:52:45 2022,57.75,61,29.1794
Mon Mar  7 15:52:47 2022,57.875,61,29.1771
Mon Mar  7 15:52:47 2022,57.875,61,29.1771
Mon Mar  7 15:52:50 2022,58,63,29.1752
Mon Mar  7 15:52:50 2022,58,63,29.1752
Mon Mar  7 15:52:52 2022,58.0625,63,29.1746
Mon Mar  7 15:52:52 2022,58.0625,63,29.1746
Mon Mar  7 15:52:54 2022,58.125,63,29.1739
Mon Mar  7 15:52:54 2022,58.125,63,29.1739
Mon Mar  7 15:52:57 2022,58.3125,63,29.172
Mon Mar  7 15:52:57 2022,58.3125,63,29.172
Mon Mar  7 15:52:59 2022,58.375,63,29.1707
Mon Mar  7 15:52:59 2022,58.375,63,29.1707
Mon Mar  7 15:53:01 2022,58.5,63,29.1695
Mon Mar  7 15:53:01 2022,58.5,63,29.1695
Mon Mar  7 15:53:03 2022,58.5,63,29.1691
Mon Mar  7 15:53:03 2022,58.5,63,29.1691
Mon Mar  7 15:53:06 2022,58.5625,63,29.1688
Mon Mar  7 15:53:06 2022,58.5625,63,29.1688
Mon Mar  7 15:53:08 2022,58.6875,63,29.1685
Mon Mar  7 15:53:08 2022,58.6875,63,29.1685
Mon Mar  7 15:53:10 2022,58.8125,63,29.1679
Mon Mar  7 15:53:10 2022,58.8125,63,29.1679
Mon Mar  7 15:53:13 2022,58.9375,63,29.1669
Mon Mar  7 15:53:13 2022,58.9375,63,29.1669
Mon Mar  7 15:53:15 2022,59.0625,63,29.1659
Mon Mar  7 15:53:15 2022,59.0625,63,29.1659
Mon Mar  7 15:53:17 2022,59.125,63,29.1647
Mon Mar  7 15:53:17 2022,59.125,63,29.1647
Mon Mar  7 15:53:20 2022,59.25,63,29.1637
Mon Mar  7 15:53:20 2022,59.25,63,29.1637
Mon Mar  7 15:53:22 2022,59.3125,63,29.1624
Mon Mar  7 15:53:22 2022,59.3125,63,29.1624
Mon Mar  7 15:53:24 2022,59.375,63,29.1605
Mon Mar  7 15:53:24 2022,59.375,63,29.1605
Mon Mar  7 15:53:26 2022,59.375,63,29.1589
Mon Mar  7 15:53:26 2022,59.375,63,29.1589
Mon Mar  7 15:53:29 2022,59.5,63,29.157
Mon Mar  7 15:53:29 2022,59.5,63,29.157
Mon Mar  7 15:53:31 2022,59.625,63,29.156
Mon Mar  7 15:53:31 2022,59.625,63,29.156
Mon Mar  7 15:53:33 2022,59.75,63,29.1544
Mon Mar  7 15:53:33 2022,59.75,63,29.1544
Mon Mar  7 15:53:36 2022,59.8125,63,29.1512
Mon Mar  7 15:53:36 2022,59.8125,63,29.1512
Mon Mar  7 15:53:38 2022,59.875,63,29.1484
Mon Mar  7 15:53:38 2022,59.875,63,29.1484
Mon Mar  7 15:53:40 2022,59.9375,63,29.1439
Mon Mar  7 15:53:40 2022,59.9375,63,29.1439
Mon Mar  7 15:53:43 2022,60.0625,63,29.1397
Mon Mar  7 15:53:43 2022,60.0625,63,29.1397
Mon Mar  7 15:53:45 2022,60.125,63,29.1359
Mon Mar  7 15:53:45 2022,60.125,63,29.1359
Mon Mar  7 15:53:47 2022,60.1875,63,29.133
Mon Mar  7 15:53:47 2022,60.1875,63,29.133
Mon Mar  7 15:53:49 2022,60.1875,63,29.1292
Mon Mar  7 15:53:49 2022,60.1875,63,29.1292
Mon Mar  7 15:53:52 2022,60.3125,63,29.1253
Mon Mar  7 15:53:52 2022,60.3125,63,29.1253
Mon Mar  7 15:53:54 2022,60.4375,63,29.1228
Mon Mar  7 15:53:54 2022,60.4375,63,29.1228
Mon Mar  7 15:53:56 2022,60.4375,63,29.1196
Mon Mar  7 15:53:56 2022,60.4375,63,29.1196
Mon Mar  7 15:53:59 2022,60.5625,63,29.1164
Mon Mar  7 15:53:59 2022,60.5625,63,29.1164
Mon Mar  7 15:54:01 2022,60.625,63,29.1141
Mon Mar  7 15:54:01 2022,60.625,63,29.1141
Mon Mar  7 15:54:03 2022,60.6875,63,29.1103
Mon Mar  7 15:54:03 2022,60.6875,63,29.1103
Mon Mar  7 15:54:06 2022,60.8125,63,29.1061
Mon Mar  7 15:54:06 2022,60.8125,63,29.1061
Mon Mar  7 15:54:08 2022,60.875,63,29.1036
Mon Mar  7 15:54:08 2022,60.875,63,29.1036
Mon Mar  7 15:54:10 2022,60.9375,63,29.1004
Mon Mar  7 15:54:10 2022,60.9375,63,29.1004
Mon Mar  7 15:54:12 2022,60.9375,63,29.0981
Mon Mar  7 15:54:12 2022,60.9375,63,29.0981
Mon Mar  7 15:54:15 2022,61.0625,63,29.0962
Mon Mar  7 15:54:15 2022,61.0625,63,29.0962
Mon Mar  7 15:54:17 2022,61.125,63,29.0946
Mon Mar  7 15:54:17 2022,61.125,63,29.0946
Mon Mar  7 15:54:19 2022,61.1875,63,29.0927
Mon Mar  7 15:54:19 2022,61.1875,63,29.0927
Mon Mar  7 15:54:22 2022,61.3125,63,29.0918
Mon Mar  7 15:54:22 2022,61.3125,63,29.0918
Mon Mar  7 15:54:24 2022,61.375,63,29.0911
Mon Mar  7 15:54:24 2022,61.375,63,29.0911
Mon Mar  7 15:54:26 2022,61.4375,63,29.0902
Mon Mar  7 15:54:26 2022,61.4375,63,29.0902
Mon Mar  7 15:54:29 2022,61.5,63,29.0902
Mon Mar  7 15:54:29 2022,61.5,63,29.0902
Mon Mar  7 15:54:31 2022,61.5625,63,29.0895
Mon Mar  7 15:54:31 2022,61.5625,63,29.0895
Mon Mar  7 15:54:33 2022,61.625,63,29.0892
Mon Mar  7 15:54:33 2022,61.625,63,29.0892
Mon Mar  7 15:54:36 2022,61.625,63,29.0889
Mon Mar  7 15:54:36 2022,61.625,63,29.0889
Mon Mar  7 15:54:38 2022,61.6875,63,29.0879
Mon Mar  7 15:54:38 2022,61.6875,63,29.0879
Mon Mar  7 15:54:40 2022,61.75,63,29.0873
Mon Mar  7 15:54:40 2022,61.75,63,29.0873
Mon Mar  7 15:54:42 2022,61.875,63,29.0866
Mon Mar  7 15:54:42 2022,61.875,63,29.0866
Mon Mar  7 15:54:45 2022,61.875,63,29.0863
Mon Mar  7 15:54:45 2022,61.875,63,29.0863
Mon Mar  7 15:54:47 2022,61.9375,63,29.0857
Mon Mar  7 15:54:47 2022,61.9375,63,29.0857
Mon Mar  7 15:54:49 2022,62,63,29.0854
Mon Mar  7 15:54:49 2022,62,63,29.0854
Mon Mar  7 15:54:52 2022,62,63,29.0854
Mon Mar  7 15:54:52 2022,62,63,29.0854
Mon Mar  7 15:54:54 2022,62.0625,63,29.0854
Mon Mar  7 15:54:54 2022,62.0625,63,29.0854
Mon Mar  7 15:54:56 2022,62.0625,63,29.0857
Mon Mar  7 15:54:56 2022,62.0625,63,29.0857
Mon Mar  7 15:54:58 2022,62.0625,63,29.0854
Mon Mar  7 15:54:58 2022,62.0625,63,29.0854
Mon Mar  7 15:55:01 2022,62.125,63,29.0854
Mon Mar  7 15:55:01 2022,62.125,63,29.0854
Mon Mar  7 15:55:03 2022,62.125,63,29.0854
Mon Mar  7 15:55:03 2022,62.125,63,29.0854
Mon Mar  7 15:55:05 2022,62.125,63,29.0857
Mon Mar  7 15:55:05 2022,62.125,63,29.0857
Mon Mar  7 15:55:08 2022,62.1875,54,29.0866
Mon Mar  7 15:55:08 2022,62.1875,54,29.0866
Mon Mar  7 15:55:10 2022,62.1875,54,29.087
Mon Mar  7 15:55:10 2022,62.1875,54,29.087
Mon Mar  7 15:55:12 2022,62.1875,54,29.0873
Mon Mar  7 15:55:12 2022,62.1875,54,29.0873
Mon Mar  7 15:55:15 2022,62.125,54,29.0879
Mon Mar  7 15:55:15 2022,62.125,54,29.0879
Mon Mar  7 15:55:17 2022,62,54,29.0876
Mon Mar  7 15:55:17 2022,62,54,29.0876
Mon Mar  7 15:55:19 2022,61.8125,54,29.0879
Mon Mar  7 15:55:19 2022,61.8125,54,29.0879
Mon Mar  7 15:55:21 2022,61.8125,54,29.0882
Mon Mar  7 15:55:21 2022,61.8125,54,29.0882
Mon Mar  7 15:55:24 2022,61.5625,54,29.0892
Mon Mar  7 15:55:24 2022,61.5625,54,29.0892
Mon Mar  7 15:55:26 2022,61.375,54,29.0898
Mon Mar  7 15:55:26 2022,61.375,54,29.0898
Mon Mar  7 15:55:28 2022,61.125,54,29.0892
Mon Mar  7 15:55:28 2022,61.125,54,29.0892
Mon Mar  7 15:55:31 2022,60.8125,54,29.0889
Mon Mar  7 15:55:31 2022,60.8125,54,29.0889
Mon Mar  7 15:55:33 2022,60.5,54,29.0886
Mon Mar  7 15:55:33 2022,60.5,54,29.0886
Mon Mar  7 15:55:35 2022,60.25,54,29.0889
Mon Mar  7 15:55:35 2022,60.25,54,29.0889
Mon Mar  7 15:55:38 2022,59.9375,54,29.0892
Mon Mar  7 15:55:38 2022,59.9375,54,29.0892
Mon Mar  7 15:55:40 2022,59.6875,54,29.0895
Mon Mar  7 15:55:40 2022,59.6875,54,29.0895
Mon Mar  7 15:55:42 2022,59.6875,54,29.0898
Mon Mar  7 15:55:42 2022,59.6875,54,29.0898
Mon Mar  7 15:55:44 2022,59.4375,54,29.0908
Mon Mar  7 15:55:44 2022,59.4375,54,29.0908
Mon Mar  7 15:55:47 2022,59.125,54,29.0908
Mon Mar  7 15:55:47 2022,59.125,54,29.0908
Mon Mar  7 15:55:49 2022,58.8125,54,29.0914
Mon Mar  7 15:55:49 2022,58.8125,54,29.0914
Mon Mar  7 15:55:51 2022,58.5,54,29.0914
Mon Mar  7 15:55:51 2022,58.5,54,29.0914
Mon Mar  7 15:55:54 2022,58.25,54,29.0914
Mon Mar  7 15:55:54 2022,58.25,54,29.0914
Mon Mar  7 15:55:56 2022,57.9375,54,29.0918
Mon Mar  7 15:55:56 2022,57.9375,54,29.0918
Mon Mar  7 15:55:58 2022,57.6875,54,29.0921
Mon Mar  7 15:55:58 2022,57.6875,54,29.0921
Mon Mar  7 15:56:01 2022,57.4375,54,29.0918
Mon Mar  7 15:56:01 2022,57.4375,54,29.0918
Mon Mar  7 15:56:03 2022,57.1875,54,29.0921
Mon Mar  7 15:56:03 2022,57.1875,54,29.0921
Mon Mar  7 15:56:05 2022,57.1875,54,29.0921
Mon Mar  7 15:56:05 2022,57.1875,54,29.0921
Mon Mar  7 15:56:08 2022,57,54,29.0924
Mon Mar  7 15:56:08 2022,57,54,29.0924
Mon Mar  7 15:56:10 2022,56.8125,54,29.093
Mon Mar  7 15:56:10 2022,56.8125,54,29.093
Mon Mar  7 15:56:12 2022,56.5,54,29.0934
Mon Mar  7 15:56:12 2022,56.5,54,29.0934
Mon Mar  7 15:56:14 2022,56.3125,54,29.0937
Mon Mar  7 15:56:14 2022,56.3125,54,29.0937
Mon Mar  7 15:56:17 2022,56.125,54,29.0943
Mon Mar  7 15:56:17 2022,56.125,54,29.0943
Mon Mar  7 15:56:19 2022,56,54,29.0946
Mon Mar  7 15:56:19 2022,56,54,29.0946
Mon Mar  7 15:56:21 2022,55.9375,54,29.0953
Mon Mar  7 15:56:21 2022,55.9375,54,29.0953
Mon Mar  7 15:56:24 2022,55.8125,54,29.0956
Mon Mar  7 15:56:24 2022,55.8125,54,29.0956
Mon Mar  7 15:56:26 2022,55.625,54,29.0962
Mon Mar  7 15:56:26 2022,55.625,54,29.0962
Mon Mar  7 15:56:28 2022,55.625,54,29.0969
Mon Mar  7 15:56:28 2022,55.625,54,29.0969
Mon Mar  7 15:56:30 2022,55.5,54,29.0972
Mon Mar  7 15:56:30 2022,55.5,54,29.0972
Mon Mar  7 15:56:33 2022,55.375,54,29.0975
Mon Mar  7 15:56:33 2022,55.375,54,29.0975
Mon Mar  7 15:56:35 2022,55.1875,54,29.0981
Mon Mar  7 15:56:35 2022,55.1875,54,29.0981
Mon Mar  7 15:56:37 2022,55.125,54,29.0981
Mon Mar  7 15:56:37 2022,55.125,54,29.0981
Mon Mar  7 15:56:40 2022,55.0625,54,29.0988
Mon Mar  7 15:56:40 2022,55.0625,54,29.0988
Mon Mar  7 15:56:42 2022,55,54,29.0991
Mon Mar  7 15:56:42 2022,55,54,29.0991
Mon Mar  7 15:56:44 2022,54.9375,54,29.0994
Mon Mar  7 15:56:44 2022,54.9375,54,29.0994
Mon Mar  7 15:56:47 2022,54.875,54,29.0994
Mon Mar  7 15:56:47 2022,54.875,54,29.0994
Mon Mar  7 15:56:49 2022,54.8125,54,29.0994
Mon Mar  7 15:56:49 2022,54.8125,54,29.0994
Mon Mar  7 15:56:51 2022,54.8125,54,29.0978
Mon Mar  7 15:56:51 2022,54.8125,54,29.0978
Mon Mar  7 15:56:53 2022,54.75,54,29.0962
Mon Mar  7 15:56:53 2022,54.75,54,29.0962
Mon Mar  7 15:56:56 2022,54.6875,54,29.0946
Mon Mar  7 15:56:56 2022,54.6875,54,29.0946
Mon Mar  7 15:56:58 2022,54.5625,54,29.0937
Mon Mar  7 15:56:58 2022,54.5625,54,29.0937
Mon Mar  7 15:57:00 2022,54.5,54,29.0927
Mon Mar  7 15:57:00 2022,54.5,54,29.0927
Mon Mar  7 15:57:03 2022,54.5,54,29.0921
Mon Mar  7 15:57:03 2022,54.5,54,29.0921
Mon Mar  7 15:57:05 2022,54.375,54,29.0911
Mon Mar  7 15:57:05 2022,54.375,54,29.0911
Mon Mar  7 15:57:07 2022,54.3125,54,29.0908
Mon Mar  7 15:57:07 2022,54.3125,54,29.0908
Mon Mar  7 15:57:10 2022,54.25,54,29.0898
Mon Mar  7 15:57:10 2022,54.25,54,29.0898
Mon Mar  7 15:57:12 2022,54.125,54,29.0898
Mon Mar  7 15:57:12 2022,54.125,54,29.0898
Mon Mar  7 15:57:14 2022,54.125,54,29.0892
Mon Mar  7 15:57:14 2022,54.125,54,29.0892
Mon Mar  7 15:57:16 2022,54.125,54,29.0898
Mon Mar  7 15:57:16 2022,54.125,54,29.0898
Mon Mar  7 15:57:19 2022,54,54,29.0892
Mon Mar  7 15:57:19 2022,54,54,29.0892
Mon Mar  7 15:57:21 2022,53.875,54,29.0892
Mon Mar  7 15:57:21 2022,53.875,54,29.0892
Mon Mar  7 15:57:23 2022,53.8125,54,29.0889
Mon Mar  7 15:57:23 2022,53.8125,54,29.0889
Mon Mar  7 15:57:26 2022,53.8125,33,29.0882
Mon Mar  7 15:57:26 2022,53.8125,33,29.0882
Mon Mar  7 15:57:28 2022,53.75,33,29.0876
Mon Mar  7 15:57:28 2022,53.75,33,29.0876
Mon Mar  7 15:57:30 2022,53.6875,33,29.087
Mon Mar  7 15:57:30 2022,53.6875,33,29.087
Mon Mar  7 15:57:33 2022,53.5625,33,29.0863
Mon Mar  7 15:57:33 2022,53.5625,33,29.0863
Mon Mar  7 15:57:35 2022,53.375,33,29.0854
Mon Mar  7 15:57:35 2022,53.375,33,29.0854
Mon Mar  7 15:57:37 2022,53.375,33,29.085
Mon Mar  7 15:57:37 2022,53.375,33,29.085
Mon Mar  7 15:57:39 2022,53.0625,33,29.0844
Mon Mar  7 15:57:39 2022,53.0625,33,29.0844
Mon Mar  7 15:57:42 2022,52.8125,33,29.0844
Mon Mar  7 15:57:42 2022,52.8125,33,29.0844
Mon Mar  7 15:57:44 2022,52.5625,33,29.0828
Mon Mar  7 15:57:44 2022,52.5625,33,29.0828
Mon Mar  7 15:57:46 2022,52.25,33,29.0822
Mon Mar  7 15:57:46 2022,52.25,33,29.0822
Mon Mar  7 15:57:49 2022,52,33,29.0815
Mon Mar  7 15:57:49 2022,52,33,29.0815
Mon Mar  7 15:57:51 2022,51.75,33,29.0812
Mon Mar  7 15:57:51 2022,51.75,33,29.0812
Mon Mar  7 15:57:53 2022,51.4375,33,29.0809
Mon Mar  7 15:57:53 2022,51.4375,33,29.0809
Mon Mar  7 15:57:56 2022,51.1875,33,29.0815
Mon Mar  7 15:57:56 2022,51.1875,33,29.0815
Mon Mar  7 15:57:58 2022,50.9375,33,29.0822
Mon Mar  7 15:57:58 2022,50.9375,33,29.0822
Mon Mar  7 15:58:00 2022,50.9375,33,29.0828
Mon Mar  7 15:58:00 2022,50.9375,33,29.0828
Mon Mar  7 15:58:02 2022,50.6875,33,29.0838
Mon Mar  7 15:58:02 2022,50.6875,33,29.0838
Mon Mar  7 15:58:05 2022,50.4375,33,29.0844
Mon Mar  7 15:58:05 2022,50.4375,33,29.0844
Mon Mar  7 15:58:07 2022,50.1875,33,29.085
Mon Mar  7 15:58:07 2022,50.1875,33,29.085
Mon Mar  7 15:58:09 2022,49.9375,33,29.085
Mon Mar  7 15:58:09 2022,49.9375,33,29.085
Mon Mar  7 15:58:12 2022,49.6875,33,29.0854
Mon Mar  7 15:58:12 2022,49.6875,33,29.0854
Mon Mar  7 15:58:14 2022,49.4375,33,29.0854
Mon Mar  7 15:58:14 2022,49.4375,33,29.0854
Mon Mar  7 15:58:16 2022,49.125,33,29.0857
Mon Mar  7 15:58:16 2022,49.125,33,29.0857
Mon Mar  7 15:58:19 2022,48.875,33,29.086
Mon Mar  7 15:58:19 2022,48.875,33,29.086
Mon Mar  7 15:58:21 2022,48.6875,33,29.0866
Mon Mar  7 15:58:21 2022,48.6875,33,29.0866
Mon Mar  7 15:58:23 2022,48.6875,33,29.087
Mon Mar  7 15:58:23 2022,48.6875,33,29.087
Mon Mar  7 15:58:26 2022,48.4375,33,29.0873
Mon Mar  7 15:58:26 2022,48.4375,33,29.0873
Mon Mar  7 15:58:28 2022,48.25,33,29.0886
Mon Mar  7 15:58:28 2022,48.25,33,29.0886
Mon Mar  7 15:58:30 2022,48.0625,33,29.0902
Mon Mar  7 15:58:30 2022,48.0625,33,29.0902
Mon Mar  7 15:58:32 2022,47.9375,33,29.0918
Mon Mar  7 15:58:32 2022,47.9375,33,29.0918
Mon Mar  7 15:58:35 2022,47.75,33,29.093
Mon Mar  7 15:58:35 2022,47.75,33,29.093
Mon Mar  7 15:58:37 2022,47.5625,33,29.0937
Mon Mar  7 15:58:37 2022,47.5625,33,29.0937
Mon Mar  7 15:58:39 2022,47.375,33,29.0946
Mon Mar  7 15:58:39 2022,47.375,33,29.0946
Mon Mar  7 15:58:42 2022,47.1875,33,29.0953
Mon Mar  7 15:58:42 2022,47.1875,33,29.0953
Mon Mar  7 15:58:44 2022,47,33,29.0953
Mon Mar  7 15:58:44 2022,47,33,29.0953
Mon Mar  7 15:58:46 2022,47,33,29.0953
Mon Mar  7 15:58:46 2022,47,33,29.0953
Mon Mar  7 15:58:49 2022,46.75,33,29.095
Mon Mar  7 15:58:49 2022,46.75,33,29.095
Mon Mar  7 15:58:51 2022,46.5625,33,29.0953
Mon Mar  7 15:58:51 2022,46.5625,33,29.0953
Mon Mar  7 15:58:53 2022,46.375,33,29.0953
Mon Mar  7 15:58:53 2022,46.375,33,29.0953
Mon Mar  7 15:58:55 2022,46.1875,33,29.0943
Mon Mar  7 15:58:55 2022,46.1875,33,29.0943
Mon Mar  7 15:58:58 2022,46.0625,33,29.0943
Mon Mar  7 15:58:58 2022,46.0625,33,29.0943
Mon Mar  7 15:59:00 2022,45.875,33,29.0943
Mon Mar  7 15:59:00 2022,45.875,33,29.0943
Mon Mar  7 15:59:02 2022,45.6875,33,29.095
Mon Mar  7 15:59:02 2022,45.6875,33,29.095
Mon Mar  7 15:59:05 2022,45.5,33,29.0953
Mon Mar  7 15:59:05 2022,45.5,33,29.0953
Mon Mar  7 15:59:07 2022,45.3125,33,29.0956
Mon Mar  7 15:59:07 2022,45.3125,33,29.0956
Mon Mar  7 15:59:09 2022,45.3125,33,29.0965
Mon Mar  7 15:59:09 2022,45.3125,33,29.0965
Mon Mar  7 15:59:12 2022,45.1875,33,29.0972
Mon Mar  7 15:59:12 2022,45.1875,33,29.0972
Mon Mar  7 15:59:14 2022,45,33,29.0975
Mon Mar  7 15:59:14 2022,45,33,29.0975
Mon Mar  7 15:59:16 2022,44.875,33,29.0981
Mon Mar  7 15:59:16 2022,44.875,33,29.0981
Mon Mar  7 15:59:18 2022,44.625,33,29.0991
Mon Mar  7 15:59:18 2022,44.625,33,29.0991
Mon Mar  7 15:59:21 2022,44.5,33,29.0997
Mon Mar  7 15:59:21 2022,44.5,33,29.0997
Mon Mar  7 15:59:23 2022,44.3125,33,29.0991
Mon Mar  7 15:59:23 2022,44.3125,33,29.0991
Mon Mar  7 15:59:25 2022,44.0625,33,29.0994
Mon Mar  7 15:59:25 2022,44.0625,33,29.0994
Mon Mar  7 15:59:28 2022,43.875,33,29.0988
Mon Mar  7 15:59:28 2022,43.875,33,29.0988
Mon Mar  7 15:59:30 2022,43.875,33,29.0991
Mon Mar  7 15:59:30 2022,43.875,33,29.0991
Mon Mar  7 15:59:32 2022,43.75,33,29.0985
Mon Mar  7 15:59:32 2022,43.75,33,29.0985
Mon Mar  7 15:59:35 2022,43.5625,33,29.0978
Mon Mar  7 15:59:35 2022,43.5625,33,29.0978
Mon Mar  7 15:59:37 2022,43.4375,33,29.0969
Mon Mar  7 15:59:37 2022,43.4375,33,29.0969
Mon Mar  7 15:59:39 2022,43.25,33,29.0962
Mon Mar  7 15:59:39 2022,43.25,33,29.0962
Mon Mar  7 15:59:41 2022,43.1875,33,29.0959
Mon Mar  7 15:59:41 2022,43.1875,33,29.0959
Mon Mar  7 15:59:44 2022,43,33,29.0956
Mon Mar  7 15:59:44 2022,43,33,29.0956
Mon Mar  7 15:59:46 2022,42.875,33,29.095
Mon Mar  7 15:59:46 2022,42.875,33,29.095
Mon Mar  7 15:59:48 2022,42.6875,33,29.0946
Mon Mar  7 15:59:48 2022,42.6875,33,29.0946
Mon Mar  7 15:59:51 2022,42.625,33,29.093
Mon Mar  7 15:59:51 2022,42.625,33,29.093
Mon Mar  7 15:59:53 2022,42.625,33,29.0905
Mon Mar  7 15:59:53 2022,42.625,33,29.0905
Mon Mar  7 15:59:55 2022,42.5,33,29.0889
Mon Mar  7 15:59:55 2022,42.5,33,29.0889
Mon Mar  7 15:59:58 2022,42.4375,33,29.0866
Mon Mar  7 15:59:58 2022,42.4375,33,29.0866
Mon Mar  7 16:00:00 2022,42.25,33,29.0822
Mon Mar  7 16:00:00 2022,42.25,33,29.0822
Mon Mar  7 16:00:02 2022,42.125,33,29.079
Mon Mar  7 16:00:02 2022,42.125,33,29.079
Mon Mar  7 16:00:04 2022,42.0625,33,29.0758
Mon Mar  7 16:00:04 2022,42.0625,33,29.0758
Mon Mar  7 16:00:07 2022,41.875,33,29.0745
Mon Mar  7 16:00:07 2022,41.875,33,29.0745
Mon Mar  7 16:00:09 2022,41.75,33,29.0732
Mon Mar  7 16:00:09 2022,41.75,33,29.0732
Mon Mar  7 16:00:11 2022,41.5625,33,29.0722
Mon Mar  7 16:00:11 2022,41.5625,33,29.0722
Mon Mar  7 16:00:14 2022,41.5,33,29.0713
Mon Mar  7 16:00:14 2022,41.5,33,29.0713
Mon Mar  7 16:00:16 2022,41.5,33,29.071
Mon Mar  7 16:00:16 2022,41.5,33,29.071
Mon Mar  7 16:00:18 2022,41.375,33,29.07
Mon Mar  7 16:00:18 2022,41.375,33,29.07
Mon Mar  7 16:00:21 2022,41.1875,33,29.07
Mon Mar  7 16:00:21 2022,41.1875,33,29.07
Mon Mar  7 16:00:23 2022,41.0625,33,29.0697
Mon Mar  7 16:00:23 2022,41.0625,33,29.0697
Mon Mar  7 16:00:25 2022,40.9375,33,29.0694
Mon Mar  7 16:00:25 2022,40.9375,33,29.0694
Mon Mar  7 16:00:27 2022,40.8125,33,29.0697
Mon Mar  7 16:00:27 2022,40.8125,33,29.0697
Mon Mar  7 16:00:30 2022,40.6875,33,29.0703
Mon Mar  7 16:00:30 2022,40.6875,33,29.0703
Mon Mar  7 16:00:32 2022,40.5625,33,29.0697
Mon Mar  7 16:00:32 2022,40.5625,33,29.0697
Mon Mar  7 16:00:34 2022,40.375,33,29.0659
Mon Mar  7 16:00:34 2022,40.375,33,29.0659
Mon Mar  7 16:00:37 2022,40.3125,33,29.0633
Mon Mar  7 16:00:37 2022,40.3125,33,29.0633
Mon Mar  7 16:00:39 2022,40.3125,33,29.0604
Mon Mar  7 16:00:39 2022,40.3125,33,29.0604
Mon Mar  7 16:00:41 2022,40.1875,33,29.0556
Mon Mar  7 16:00:41 2022,40.1875,33,29.0556
Mon Mar  7 16:00:44 2022,40.0625,33,29.0508
Mon Mar  7 16:00:44 2022,40.0625,33,29.0508
Mon Mar  7 16:00:46 2022,39.9375,33,29.0447
Mon Mar  7 16:00:46 2022,39.9375,33,29.0447
Mon Mar  7 16:00:48 2022,39.875,33,29.0374
Mon Mar  7 16:00:48 2022,39.875,33,29.0374
Mon Mar  7 16:00:50 2022,39.75,33,29.0313
Mon Mar  7 16:00:50 2022,39.75,33,29.0313
Mon Mar  7 16:00:53 2022,39.6875,33,29.0256
Mon Mar  7 16:00:53 2022,39.6875,33,29.0256
Mon Mar  7 16:00:55 2022,39.625,33,29.0195
Mon Mar  7 16:00:55 2022,39.625,33,29.0195
Mon Mar  7 16:00:57 2022,39.5625,33,29.0137
Mon Mar  7 16:00:57 2022,39.5625,33,29.0137
Mon Mar  7 16:01:00 2022,39.4375,33,29.0076
Mon Mar  7 16:01:00 2022,39.4375,33,29.0076
Mon Mar  7 16:01:02 2022,39.4375,33,29.0022
Mon Mar  7 16:01:02 2022,39.4375,33,29.0022
Mon Mar  7 16:01:04 2022,39.3125,33,28.9961
Mon Mar  7 16:01:04 2022,39.3125,33,28.9961
Mon Mar  7 16:01:07 2022,39.1875,33,28.9904
Mon Mar  7 16:01:07 2022,39.1875,33,28.9904
Mon Mar  7 16:01:09 2022,39.125,33,28.9837
Mon Mar  7 16:01:09 2022,39.125,33,28.9837
Mon Mar  7 16:01:11 2022,39,33,28.976
Mon Mar  7 16:01:11 2022,39,33,28.976
Mon Mar  7 16:01:13 2022,38.9375,33,28.9712
Mon Mar  7 16:01:13 2022,38.9375,33,28.9712
Mon Mar  7 16:01:16 2022,38.875,33,28.9661
Mon Mar  7 16:01:16 2022,38.875,33,28.9661
Mon Mar  7 16:01:18 2022,38.75,33,28.9619
Mon Mar  7 16:01:18 2022,38.75,33,28.9619
Mon Mar  7 16:01:20 2022,38.6875,33,28.9565
Mon Mar  7 16:01:20 2022,38.6875,33,28.9565
Mon Mar  7 16:01:23 2022,38.5625,33,28.952
Mon Mar  7 16:01:23 2022,38.5625,33,28.952
Mon Mar  7 16:01:25 2022,38.5625,33,28.9491
Mon Mar  7 16:01:25 2022,38.5625,33,28.9491
Mon Mar  7 16:01:27 2022,38.5,33,28.9463
Mon Mar  7 16:01:27 2022,38.5,33,28.9463
Mon Mar  7 16:01:30 2022,38.375,33,28.9415
Mon Mar  7 16:01:30 2022,38.375,33,28.9415
Mon Mar  7 16:01:32 2022,38.25,33,28.9367
Mon Mar  7 16:01:32 2022,38.25,33,28.9367
Mon Mar  7 16:01:34 2022,38.125,33,28.9322
Mon Mar  7 16:01:34 2022,38.125,33,28.9322
Mon Mar  7 16:01:36 2022,38,33,28.9283
Mon Mar  7 16:01:36 2022,38,33,28.9283
Mon Mar  7 16:01:39 2022,37.875,33,28.9245
Mon Mar  7 16:01:39 2022,37.875,33,28.9245
Mon Mar  7 16:01:41 2022,37.75,33,28.9213
Mon Mar  7 16:01:41 2022,37.75,33,28.9213
Mon Mar  7 16:01:43 2022,37.625,33,28.9187
Mon Mar  7 16:01:43 2022,37.625,33,28.9187
Mon Mar  7 16:01:46 2022,37.5,33,28.9168
Mon Mar  7 16:01:46 2022,37.5,33,28.9168
Mon Mar  7 16:01:48 2022,37.5,33,28.9146
Mon Mar  7 16:01:48 2022,37.5,33,28.9146
Mon Mar  7 16:01:50 2022,37.4375,33,28.9124
Mon Mar  7 16:01:50 2022,37.4375,33,28.9124
Mon Mar  7 16:01:53 2022,37.3125,33,28.9117
Mon Mar  7 16:01:53 2022,37.3125,33,28.9117
Mon Mar  7 16:01:55 2022,37.25,33,28.9104
Mon Mar  7 16:01:55 2022,37.25,33,28.9104
Mon Mar  7 16:01:57 2022,37.125,33,28.9095
Mon Mar  7 16:01:57 2022,37.125,33,28.9095
Mon Mar  7 16:01:59 2022,37,0,28.9088
Mon Mar  7 16:01:59 2022,37,0,28.9088
Mon Mar  7 16:02:02 2022,36.9375,25,28.9092
Mon Mar  7 16:02:02 2022,36.9375,25,28.9092
Mon Mar  7 16:02:04 2022,36.8125,25,28.9092
Mon Mar  7 16:02:04 2022,36.8125,25,28.9092
Mon Mar  7 16:02:06 2022,36.75,25,28.9092
Mon Mar  7 16:02:06 2022,36.75,25,28.9092
Mon Mar  7 16:02:09 2022,36.6875,25,28.9098
Mon Mar  7 16:02:09 2022,36.6875,25,28.9098
Mon Mar  7 16:02:11 2022,36.6875,25,28.9114
Mon Mar  7 16:02:11 2022,36.6875,25,28.9114
Mon Mar  7 16:02:13 2022,36.6875,25,28.9127
Mon Mar  7 16:02:13 2022,36.6875,25,28.9127
Mon Mar  7 16:02:16 2022,36.5625,25,28.9133
Mon Mar  7 16:02:16 2022,36.5625,25,28.9133
Mon Mar  7 16:02:18 2022,36.5,25,28.914
Mon Mar  7 16:02:18 2022,36.5,25,28.914
Mon Mar  7 16:02:20 2022,36.4375,25,28.9146
Mon Mar  7 16:02:20 2022,36.4375,25,28.9146
Mon Mar  7 16:02:22 2022,36.375,25,28.9159
Mon Mar  7 16:02:22 2022,36.375,25,28.9159
Mon Mar  7 16:02:25 2022,36.25,25,28.9172
Mon Mar  7 16:02:25 2022,36.25,25,28.9172
Mon Mar  7 16:02:27 2022,36.1875,25,28.9181
Mon Mar  7 16:02:27 2022,36.1875,25,28.9181
Mon Mar  7 16:02:29 2022,36.125,25,28.9194
Mon Mar  7 16:02:29 2022,36.125,25,28.9194
Mon Mar  7 16:02:32 2022,36.0625,25,28.921
Mon Mar  7 16:02:32 2022,36.0625,25,28.921
Mon Mar  7 16:02:34 2022,36.0625,25,28.9223
Mon Mar  7 16:02:34 2022,36.0625,25,28.9223
Mon Mar  7 16:02:36 2022,36,25,28.9239
Mon Mar  7 16:02:36 2022,36,25,28.9239
Mon Mar  7 16:02:39 2022,35.875,25,28.9258
Mon Mar  7 16:02:39 2022,35.875,25,28.9258
Mon Mar  7 16:02:41 2022,35.8125,25,28.9271
Mon Mar  7 16:02:41 2022,35.8125,25,28.9271
Mon Mar  7 16:02:43 2022,35.75,25,28.928
Mon Mar  7 16:02:43 2022,35.75,25,28.928
Mon Mar  7 16:02:45 2022,35.625,25,28.929
Mon Mar  7 16:02:45 2022,35.625,25,28.929
Mon Mar  7 16:02:48 2022,35.625,25,28.9296
Mon Mar  7 16:02:48 2022,35.625,25,28.9296
Mon Mar  7 16:02:50 2022,35.5,25,28.9299
Mon Mar  7 16:02:50 2022,35.5,25,28.9299
Mon Mar  7 16:02:52 2022,35.375,25,28.9306
Mon Mar  7 16:02:52 2022,35.375,25,28.9306
Mon Mar  7 16:02:55 2022,35.375,25,28.9315
Mon Mar  7 16:02:55 2022,35.375,25,28.9315
Mon Mar  7 16:02:57 2022,35.375,25,28.9319
Mon Mar  7 16:02:57 2022,35.375,25,28.9319
Mon Mar  7 16:02:59 2022,35.3125,25,28.9328
Mon Mar  7 16:02:59 2022,35.3125,25,28.9328
Mon Mar  7 16:03:02 2022,35.25,25,28.9341
Mon Mar  7 16:03:02 2022,35.25,25,28.9341
Mon Mar  7 16:03:04 2022,35.1875,25,28.9351
Mon Mar  7 16:03:04 2022,35.1875,25,28.9351
Mon Mar  7 16:03:06 2022,35.125,25,28.9367
Mon Mar  7 16:03:06 2022,35.125,25,28.9367
Mon Mar  7 16:03:08 2022,35.0625,25,28.9383
Mon Mar  7 16:03:08 2022,35.0625,25,28.9383
Mon Mar  7 16:03:11 2022,34.9375,25,28.9389
Mon Mar  7 16:03:11 2022,34.9375,25,28.9389
Mon Mar  7 16:03:13 2022,34.875,25,28.9399
Mon Mar  7 16:03:13 2022,34.875,25,28.9399
Mon Mar  7 16:03:15 2022,34.8125,25,28.9405
Mon Mar  7 16:03:15 2022,34.8125,25,28.9405
Mon Mar  7 16:03:18 2022,34.75,25,28.9411
Mon Mar  7 16:03:18 2022,34.75,25,28.9411
Mon Mar  7 16:03:20 2022,34.75,25,28.9418
Mon Mar  7 16:03:20 2022,34.75,25,28.9418
Mon Mar  7 16:03:22 2022,34.75,25,28.9421
Mon Mar  7 16:03:22 2022,34.75,25,28.9421
Mon Mar  7 16:03:25 2022,34.625,25,28.9418
Mon Mar  7 16:03:25 2022,34.625,25,28.9418
Mon Mar  7 16:03:27 2022,34.5625,25,28.9424
Mon Mar  7 16:03:27 2022,34.5625,25,28.9424
Mon Mar  7 16:03:29 2022,34.5,25,28.9427
Mon Mar  7 16:03:29 2022,34.5,25,28.9427
Mon Mar  7 16:03:31 2022,34.4375,25,28.9431
Mon Mar  7 16:03:31 2022,34.4375,25,28.9431
Mon Mar  7 16:03:34 2022,34.375,25,28.9434
Mon Mar  7 16:03:34 2022,34.375,25,28.9434
Mon Mar  7 16:03:36 2022,34.3125,25,28.9437
Mon Mar  7 16:03:36 2022,34.3125,25,28.9437
Mon Mar  7 16:03:38 2022,34.25,25,28.944
Mon Mar  7 16:03:38 2022,34.25,25,28.944
Mon Mar  7 16:03:41 2022,34.1875,25,28.9443
Mon Mar  7 16:03:41 2022,34.1875,25,28.9443
Mon Mar  7 16:03:43 2022,34.125,25,28.9447
Mon Mar  7 16:03:43 2022,34.125,25,28.9447
Mon Mar  7 16:03:45 2022,34.125,25,28.945
Mon Mar  7 16:03:45 2022,34.125,25,28.945
Mon Mar  7 16:03:48 2022,34.0625,25,28.9453
Mon Mar  7 16:03:48 2022,34.0625,25,28.9453
Mon Mar  7 16:03:50 2022,33.9375,25,28.9456
Mon Mar  7 16:03:50 2022,33.9375,25,28.9456
Mon Mar  7 16:03:52 2022,33.9375,25,28.9459
Mon Mar  7 16:03:52 2022,33.9375,25,28.9459
Mon Mar  7 16:03:54 2022,33.875,25,28.9463
Mon Mar  7 16:03:54 2022,33.875,25,28.9463
Mon Mar  7 16:03:57 2022,33.75,25,28.9463
Mon Mar  7 16:03:57 2022,33.75,25,28.9463
Mon Mar  7 16:03:59 2022,33.6875,25,28.9475
Mon Mar  7 16:03:59 2022,33.6875,25,28.9475
Mon Mar  7 16:04:01 2022,33.6875,25,28.9482
Mon Mar  7 16:04:01 2022,33.6875,25,28.9482
Mon Mar  7 16:04:04 2022,33.5625,25,28.9485
Mon Mar  7 16:04:04 2022,33.5625,25,28.9485
Mon Mar  7 16:04:06 2022,33.5,25,28.9488
Mon Mar  7 16:04:06 2022,33.5,25,28.9488
Mon Mar  7 16:04:08 2022,33.5,25,28.9488
Mon Mar  7 16:04:08 2022,33.5,25,28.9488
Mon Mar  7 16:04:11 2022,33.4375,25,28.9491
Mon Mar  7 16:04:11 2022,33.4375,25,28.9491
Mon Mar  7 16:04:13 2022,33.375,25,28.9498
Mon Mar  7 16:04:13 2022,33.375,25,28.9498
Mon Mar  7 16:04:15 2022,33.375,25,28.9504
Mon Mar  7 16:04:15 2022,33.375,25,28.9504
Mon Mar  7 16:04:17 2022,33.3125,25,28.9507
Mon Mar  7 16:04:17 2022,33.3125,25,28.9507
Mon Mar  7 16:04:20 2022,33.3125,38,28.9507
Mon Mar  7 16:04:20 2022,33.3125,38,28.9507
Mon Mar  7 16:04:22 2022,33.25,38,28.951
Mon Mar  7 16:04:22 2022,33.25,38,28.951
Mon Mar  7 16:04:24 2022,33.25,38,28.9514
Mon Mar  7 16:04:24 2022,33.25,38,28.9514
Mon Mar  7 16:04:27 2022,33.1875,38,28.9517
Mon Mar  7 16:04:27 2022,33.1875,38,28.9517
Mon Mar  7 16:04:29 2022,33.25,38,28.9517
Mon Mar  7 16:04:29 2022,33.25,38,28.9517
Mon Mar  7 16:04:31 2022,33.25,38,28.9514
Mon Mar  7 16:04:31 2022,33.25,38,28.9514
Mon Mar  7 16:04:34 2022,33.1875,38,28.9514
Mon Mar  7 16:04:34 2022,33.1875,38,28.9514
Mon Mar  7 16:04:36 2022,33.25,38,28.9491
Mon Mar  7 16:04:36 2022,33.25,38,28.9491
Mon Mar  7 16:04:38 2022,33.3125,38,28.9482
Mon Mar  7 16:04:38 2022,33.3125,38,28.9482
Mon Mar  7 16:04:40 2022,33.375,38,28.9475
Mon Mar  7 16:04:40 2022,33.375,38,28.9475
Mon Mar  7 16:04:43 2022,33.5,38,28.9463
Mon Mar  7 16:04:43 2022,33.5,38,28.9463
Mon Mar  7 16:04:45 2022,33.5625,38,28.9453
Mon Mar  7 16:04:45 2022,33.5625,38,28.9453
Mon Mar  7 16:04:47 2022,33.625,38,28.9447
Mon Mar  7 16:04:47 2022,33.625,38,28.9447
Mon Mar  7 16:04:50 2022,33.8125,38,28.9443
Mon Mar  7 16:04:50 2022,33.8125,38,28.9443
Mon Mar  7 16:04:52 2022,33.9375,38,28.944
Mon Mar  7 16:04:52 2022,33.9375,38,28.944
Mon Mar  7 16:04:54 2022,33.9375,38,28.944
Mon Mar  7 16:04:54 2022,33.9375,38,28.944
Mon Mar  7 16:04:57 2022,34,38,28.944
Mon Mar  7 16:04:57 2022,34,38,28.944
Mon Mar  7 16:04:59 2022,34.125,38,28.9437
Mon Mar  7 16:04:59 2022,34.125,38,28.9437
Mon Mar  7 16:05:01 2022,34.25,38,28.9437
Mon Mar  7 16:05:01 2022,34.25,38,28.9437
Mon Mar  7 16:05:03 2022,34.4375,38,28.9434
Mon Mar  7 16:05:03 2022,34.4375,38,28.9434
Mon Mar  7 16:05:06 2022,34.5625,38,28.9434
Mon Mar  7 16:05:06 2022,34.5625,38,28.9434
Mon Mar  7 16:05:08 2022,34.75,38,28.9437
Mon Mar  7 16:05:08 2022,34.75,38,28.9437
Mon Mar  7 16:05:10 2022,34.875,38,28.944
Mon Mar  7 16:05:10 2022,34.875,38,28.944
Mon Mar  7 16:05:13 2022,35.0625,38,28.944
Mon Mar  7 16:05:13 2022,35.0625,38,28.944
Mon Mar  7 16:05:15 2022,35.1875,38,28.944
Mon Mar  7 16:05:15 2022,35.1875,38,28.944
Mon Mar  7 16:05:17 2022,35.1875,38,28.9447
Mon Mar  7 16:05:17 2022,35.1875,38,28.9447
Mon Mar  7 16:05:20 2022,35.375,38,28.9453
Mon Mar  7 16:05:20 2022,35.375,38,28.9453
Mon Mar  7 16:05:22 2022,35.5,38,28.9456
Mon Mar  7 16:05:22 2022,35.5,38,28.9456
Mon Mar  7 16:05:24 2022,35.6875,38,28.9459
Mon Mar  7 16:05:24 2022,35.6875,38,28.9459
Mon Mar  7 16:05:26 2022,35.875,38,28.9469
Mon Mar  7 16:05:26 2022,35.875,38,28.9469
Mon Mar  7 16:05:29 2022,36,38,28.9475
Mon Mar  7 16:05:29 2022,36,38,28.9475
Mon Mar  7 16:05:31 2022,36.1875,38,28.9482
Mon Mar  7 16:05:31 2022,36.1875,38,28.9482
Mon Mar  7 16:05:33 2022,36.3125,38,28.9491
Mon Mar  7 16:05:33 2022,36.3125,38,28.9491
Mon Mar  7 16:05:36 2022,36.5,38,28.9494
Mon Mar  7 16:05:36 2022,36.5,38,28.9494
Mon Mar  7 16:05:38 2022,36.625,38,28.9507
Mon Mar  7 16:05:38 2022,36.625,38,28.9507
Mon Mar  7 16:05:40 2022,36.625,38,28.9517
Mon Mar  7 16:05:40 2022,36.625,38,28.9517
Mon Mar  7 16:05:43 2022,36.75,38,28.9526
Mon Mar  7 16:05:43 2022,36.75,38,28.9526
Mon Mar  7 16:05:45 2022,36.875,38,28.9533
Mon Mar  7 16:05:45 2022,36.875,38,28.9533
Mon Mar  7 16:05:47 2022,37,38,28.9536
Mon Mar  7 16:05:47 2022,37,38,28.9536
Mon Mar  7 16:05:49 2022,37.125,38,28.9533
Mon Mar  7 16:05:49 2022,37.125,38,28.9533
Mon Mar  7 16:05:52 2022,37.25,38,28.953
Mon Mar  7 16:05:52 2022,37.25,38,28.953
Mon Mar  7 16:05:54 2022,37.3125,38,28.9526
Mon Mar  7 16:05:54 2022,37.3125,38,28.9526
Mon Mar  7 16:05:56 2022,37.4375,38,28.9517
Mon Mar  7 16:05:56 2022,37.4375,38,28.9517
Mon Mar  7 16:05:59 2022,37.5,38,28.9507
Mon Mar  7 16:05:59 2022,37.5,38,28.9507
Mon Mar  7 16:06:01 2022,37.625,38,28.9501
Mon Mar  7 16:06:01 2022,37.625,38,28.9501
Mon Mar  7 16:06:03 2022,37.625,38,28.9491
Mon Mar  7 16:06:03 2022,37.625,38,28.9491
Mon Mar  7 16:06:06 2022,37.6875,38,28.9485
Mon Mar  7 16:06:06 2022,37.6875,38,28.9485
Mon Mar  7 16:06:08 2022,37.6875,38,28.9472
Mon Mar  7 16:06:08 2022,37.6875,38,28.9472
Mon Mar  7 16:06:10 2022,37.8125,38,28.9469
Mon Mar  7 16:06:10 2022,37.8125,38,28.9469
Mon Mar  7 16:06:12 2022,37.8125,38,28.9469
Mon Mar  7 16:06:12 2022,37.8125,38,28.9469
Mon Mar  7 16:06:15 2022,37.875,38,28.9466
Mon Mar  7 16:06:15 2022,37.875,38,28.9466
Mon Mar  7 16:06:17 2022,37.875,38,28.9466
Mon Mar  7 16:06:17 2022,37.875,38,28.9466
Mon Mar  7 16:06:19 2022,37.9375,38,28.9469
Mon Mar  7 16:06:19 2022,37.9375,38,28.9469
